Workbook

Sheet Sheet1
A1: Product Categories | B1: Product Code | C1: January | D1: February | E1: March | F1: April | G1: May | H1: June
A2: Flour and rice | B2: FR | C2: 18225 | D2: 15184 | E2: 98984 | F2: 1500 | G2: 71111 | H2: 7889
A3: Sugar, salt, and spices | B3: SSS | C3: 15184 | D3: 15845 | E3: 41545 | F3: 1622 | G3: 15151 | H3: 15184
A4: Pulses | B4: PS | C4: 15845 | D4: 11112 | E4: 15184 | F4: 15184 | G4: 78787 | H4: 15845
A5: Personal care | B5: PC | C5: 11112 | D5: 15455 | E5: 15845 | F5: 15845 | G5: 10000 | H5: 11112
A6: Snacks | B6: SN | C6: 15455 | D6: 15454 | E6: 11112 | F6: 11112 | G6: 20000 | H6: 10000
A7: Hand wash and sanitizers | B7: HS | C7: 15454 | D7: 18498 | E7: 15455 | F7: 15184 | G7: 18498 | H7: 20000
A8: Household cleaning essentials | B8: HHC | C8: 78888 | D8: 48211 | E8: 15454 | F8: 15845 | G8: 48211 | H8: 15000
A9: Breakfast food items | B9: BFI | C9: 48211 | D9: 16595 | E9: 18498 | F9: 11112 | G9: 16595 | H9: 15151
A10: Tea and coffee | B10: TAC | C10: 16595 | D10: 15487 | E10: 48211 | F10: 78787 | G10: 45484 | H10: 44544
A11: Baby care | B11: BC | C11: 15487 | D11: 56451 | E11: 16595 | F11: 15487 | G11: 15184 | H11: 1515
A12: Female hygiene | B12: FH | C12: 56451 | D12: 78451 | E12: 15487 | F12: 87844 | G12: 15845 | H12: 5655
A13: Tissues and fresheners | B13: TAF | C13: 12121 | D13: 14414 | E13: 56451 | F13: 89894 | G13: 11112 | H13: 8985

Sheet Sheet2
A2: Months | B2: Total Sales Month wise | C2: Average Sales Month wise
A3: January | B3: =SUM(Sheet1!C$2:C$13) -> 319028 | C3: =AVERAGE(Sheet1!C$2:C$13) -> 26585.667
A4: February | B4: =SUM(Sheet1!D$2:D$13) -> 321157 | C4: =AVERAGE(Sheet1!D$2:D$13) -> 26763.083
A5: March | B5: =SUM(Sheet1!E$2:E$13) -> 368821 | C5: =AVERAGE(Sheet1!E2:E13) -> 30735.083
A6: April | B6: =SUM(Sheet1!F$2:F$13) -> 359416 | C6: =AVERAGE(Sheet1!F2:F12) -> 24502
A7: May | B7: =SUM(Sheet1!G$2:G$13) -> 365978 | C7: =AVERAGE(Sheet1!G2:G12) -> 32260.545
A8: June | B8: =SUM(Sheet1!H$2:H$13) -> 170880 | C8: =AVERAGE(Sheet1!H2:H12) -> 14717.727
A10: Product Categories | B10: Total Sales for 6 Months | C10: Average Sales for 6 Months
A11: Flour and rice | B11: =SUM(Sheet1!C2:H2) -> 212893 | C11: =AVERAGE(Sheet1!C2:H2) -> 35482.167
A12: Sugar, salt, and spices | B12: =SUM(Sheet1!C3:H3) -> 104531 | C12: =AVERAGE(Sheet1!C3:H3) -> 17421.833
A13: Pulses | B13: =SUM(Sheet1!C4:H4) -> 151957 | C13: =AVERAGE(Sheet1!C4:H4) -> 25326.167
A14: Personal care | B14: =SUM(Sheet1!C5:H5) -> 79369 | C14: =AVERAGE(Sheet1!C5:H5) -> 13228.167
A15: Snacks | B15: =SUM(Sheet1!C6:H6) -> 83133 | C15: =AVERAGE(Sheet1!C6:H6) -> 13855.5
A16: Hand wash and sanitizers | B16: =SUM(Sheet1!C7:H7) -> 103089 | C16: =AVERAGE(Sheet1!C7:H7) -> 17181.5
A17: Household cleaning essentials | B17: =SUM(Sheet1!C8:H8) -> 221609 | C17: =AVERAGE(Sheet1!C8:H8) -> 36934.833
A18: Breakfast food items | B18: =SUM(Sheet1!C9:H9) -> 126162 | C18: =AVERAGE(Sheet1!C9:H9) -> 21027
A19: Tea and coffee | B19: =SUM(Sheet1!C10:H10) -> 249108 | C19: =AVERAGE(Sheet1!C10:H10) -> 41518
A20: Baby care | B20: =SUM(Sheet1!C11:H11) -> 120719 | C20: =AVERAGE(Sheet1!C11:H11) -> 20119.833
A21: Female hygiene | B21: =SUM(Sheet1!C12:H12) -> 259733 | C21: =AVERAGE(Sheet1!C12:H12) -> 43288.833
A22: Tissues and fresheners | B22: =SUM(Sheet1!C13:H13) -> 192977 | C22: =AVERAGE(Sheet1!C13:H13) -> 32162.833
